Perfil;Campus;LOTACAO;CAP;Proquali;Acoesdesenv;Apoio;CHdocente;CHTAE;Qualivida;Saudeocupacional;DivulCarreira;Ambiente;Motivacao;ORGCOL[DIVDEC];ORGCOL[IMPLDEC];ORGCOL[REPORGCOL];AVALIASETORES[REIT];AVALIASETORES[PROAE];AVALIASETORES[PROPP];AVALIASETORES[PRGRA];AVALIASETORES[PROEX];AVALIASETORES[PRCUL];AVALIASETORES[PRINF];AVALIASETORES[PRGPE];AVALIASETORES[PRGEF];AVALIASETORES[PROPLAN];AVALIASETORES[PRINOV];AVALIASETORES[PRODAV];AVALIASETORES[DRI];AVALIASETORES[DII];AVALIASETORES[DSP];AVALIASETORES[DIAAF];AVALIASETORES[DCI];AVALIASETORES[DIRGGV];AVALIASETORES[DUX];AVALIASETORES[CDX];ESTREG;REGUNI;CPA;APLRF[DAtEn];APLRF[DAtPe];APLRF[DAtEx];APLRF[DAtInov];APLRF[AqEqi];APLRF[MAREF];APLRF[InCapS];APLRF[BProj];APLRF[BMoTP];TrInv;ABERTA
Servidor(a) TAE  (Técnico-administrativo em Educação);UFJF - Campus Juiz de Fora;"Setor administrativo ligado à Administração Superior (Reitoria; Pró-Reitorias; Diretorias; Órgãos Suplementares)";Não sei / Não se aplica;Não sei / Não se aplica;Não sei / Não se aplica;Não sei / Não se aplica;Não sei / Não se aplica;Não sei / Não se aplica;Não sei / Não se aplica;Não sei / Não se aplica;Discordo;Concordo;Concordo;Discordo;Não sei / Não se aplica;Não sei / Não se aplica;Concordo;Não sei / Não se aplica;Não sei / Não se aplica;Não sei / Não se aplica;Concordo;Não sei / Não se aplica;Concordo;Concordo;Não sei / Não se aplica;Não sei / Não se aplica;Não sei / Não se aplica;Não sei / Não se aplica;Não sei / Não se aplica;Não concordo nem discordo;Não sei / Não se aplica;Não sei / Não se aplica;Não sei / Não se aplica;Não sei / Não se aplica;Concordo;Não sei / Não se aplica;Não concordo nem discordo;Não sei / Não se aplica;Discordo;Não concordo nem discordo;Não sei / Não se aplica;Discordo;Não sei / Não se aplica;Concordo;Não concordo nem discordo;Não sei / Não se aplica;Discordo totalmente;Não sei / Não se aplica;Não concordo nem discordo;
Servidor(a) Docente.;UFJF - Campus Governador Valadares;Instituto de Ciências da Vida (ICV) – Governador Valadares;Discordo totalmente;Concordo;Não concordo nem discordo;Discordo;Discordo;Discordo;Discordo;Discordo;Concordo;Discordo totalmente;Discordo;Discordo;Discordo;Concordo;Concordo;Não concordo nem discordo;Concordo;Concordo;Concordo;Discordo;Não concordo nem discordo;Concordo;Não concordo nem discordo;Não concordo nem discordo;Não concordo nem discordo;Não concordo nem discordo;Não concordo nem discordo;Discordo;Não concordo nem discordo;Não concordo nem discordo;Não concordo nem discordo;Discordo totalmente;Discordo;Concordo;Concordo;Concordo;Discordo;Concordo;Discordo;Discordo;Discordo;Discordo;Discordo;Discordo;Discordo;Concordo;Discordo;
Servidor(a) TAE  (Técnico-administrativo em Educação);UFJF - Campus Juiz de Fora;ICB – Instituto de Ciências Biológicas;Concordo;Concordo;Concordo;Concordo;Não sei / Não se aplica;Concordo totalmente;Discordo;Não sei / Não se aplica;Discordo;Concordo totalmente;Concordo totalmente;Discordo;Concordo;Discordo;Discordo;Discordo;Concordo;Concordo;Discordo;Concordo;Discordo;Concordo;Discordo;Discordo;Discordo;Discordo;Concordo;Discordo;Concordo;Concordo;Concordo;Não sei / Não se aplica;Concordo totalmente;Não sei / Não se aplica;Discordo;Não sei / Não se aplica;Discordo totalmente;Concordo;Concordo;Discordo;Discordo;Concordo;Discordo totalmente;Concordo;Não concordo nem discordo;Não concordo nem discordo;Discordo;É preciso melhorar a acessibilidade da UFJF (física, acadêmica e comunicacional) e ampliar a divulgação das pesquisas e trabalhos sendo realizados na Instituição.
Servidor(a) TAE  (Técnico-administrativo em Educação);UFJF - Campus Juiz de Fora;IAD – Instituto de Artes e Design;Concordo;Concordo;Não concordo nem discordo;Não concordo nem discordo;Discordo;Concordo;Discordo;Discordo;Concordo;Concordo;Não concordo nem discordo;Discordo;Discordo;Discordo;Não sei / Não se aplica;Não sei / Não se aplica;Não sei / Não se aplica;Concordo;Não sei / Não se aplica;Não sei / Não se aplica;Discordo;Discordo;Discordo;Discordo;Não sei / Não se aplica;Não sei / Não se aplica;Não sei / Não se aplica;Discordo;Discordo;Discordo;Discordo;Não sei / Não se aplica;Discordo;Discordo;Discordo;Não concordo nem discordo;Discordo;Não sei / Não se aplica;Não sei / Não se aplica;Não sei / Não se aplica;Discordo;Discordo;Discordo;Não concordo nem discordo;Não sei / Não se aplica;Não sei / Não se aplica;Discordo;"Distância com relação à saúde do servidor devido à ""terceirização"" deste serviço ao Siass e Cossbe que não trabalham a contento e não se importam com a saúde do servidor. A UFJF deveria ter mais interesse em fazer o acompanhamento da saúde dos servidores trabalhando mais próximo deste setor, fazendo levantamento de servidores em licença, fazendo um gráfico para observar o aumento ou diminuição de licenças por saúde e orientar os médicos a fazerem uma perícia decente e que tenha o objetivo de servir ao trabalhador doente e não servir ao Estado, como se fosse uma instituição capitalista com fins lucrativos. Sempre falta recurso para questões estruturais e básicas enquanto parece que sobra para pesquisas inúteis que possuem 300 bolsistas, então os recursos não parecem que estão sendo empregados de forma justa e proporcional. Já trabalhei em outras instituições públicas que tinham a decência de adiantar o pagamento quando dia 31 cai numa sexta, mas a UFJF não pode fazer essa gentileza a seus funcionários. Por que não se a folha já tá fechada há tempos a essa altura? Enfim, pequenas coisas que nos levam a considerar que a maioria dos setores são uma bagunça e que não há consideração com os servidores. Talvez benevolência demais com professores, com licenças a para pós doc e financiamentos de pequisas, enquanto não vemos a mesma benevolência com os TAEs."
Servidor(a) TAE  (Técnico-administrativo em Educação);UFJF - Campus Juiz de Fora;Faculdade de Enfermagem;Concordo totalmente;Concordo totalmente;Concordo totalmente;Concordo;Não sei / Não se aplica;Concordo;Discordo;Não sei / Não se aplica;Concordo totalmente;Concordo totalmente;Concordo totalmente;Concordo;Concordo;Concordo;Concordo;Concordo;Concordo;Concordo;Concordo;Concordo;Concordo totalmente;Concordo totalmente;Concordo totalmente;Concordo;Concordo;Concordo;Concordo totalmente;Concordo totalmente;Concordo totalmente;Concordo totalmente;Concordo totalmente;Não sei / Não se aplica;Concordo totalmente;Concordo totalmente;Concordo totalmente;Concordo totalmente;Não concordo nem discordo;Concordo totalmente;Concordo totalmente;Concordo totalmente;Concordo totalmente;Concordo;Concordo totalmente;Concordo;Concordo totalmente;Concordo totalmente;Concordo;
Servidor(a) Docente.;UFJF - Campus Governador Valadares;Instituto de Ciências da Vida (ICV) – Governador Valadares;Não concordo nem discordo;Não sei / Não se aplica;Concordo;Concordo;Discordo;Não concordo nem discordo;Não concordo nem discordo;Concordo;Concordo;Concordo;Concordo;Não concordo nem discordo;Concordo;Concordo;Concordo;Não sei / Não se aplica;Concordo;Concordo totalmente;Concordo totalmente;Não sei / Não se aplica;Não sei / Não se aplica;Concordo totalmente;Não sei / Não se aplica;Não sei / Não se aplica;Não sei / Não se aplica;Não sei / Não se aplica;Não sei / Não se aplica;Não sei / Não se aplica;Não sei / Não se aplica;Concordo;Não sei / Não se aplica;Concordo totalmente;Concordo totalmente;Concordo totalmente;Concordo totalmente;Concordo totalmente;Não concordo nem discordo;Concordo;Não concordo nem discordo;Não concordo nem discordo;Não sei / Não se aplica;Concordo;Não concordo nem discordo;Não concordo nem discordo;Concordo;Não concordo nem discordo;Não concordo nem discordo;O maior desafio é infraestrutura do departamento de Odontologia em Governador Valadares, que começou a ser resolvido, porém é preciso ainda mais empenho para que seja finalizada a obra. Outra grande dificuldade que posso apontar é a necessidade de mais servidores no departamento, particularmente docentes, a fim de melhorar a qualidade de ensino ofertada.
Servidor(a) Docente.;UFJF - Campus Juiz de Fora;ICB – Instituto de Ciências Biológicas;Discordo;Não concordo nem discordo;Discordo;Não sei / Não se aplica;Não concordo nem discordo;Não concordo nem discordo;Discordo;Discordo;Concordo;Concordo;Concordo;Discordo totalmente;Discordo;Discordo;Discordo;Discordo totalmente;Concordo;Discordo;Concordo;Discordo totalmente;Discordo;Concordo totalmente;Não concordo nem discordo;Discordo totalmente;Discordo;Discordo;Discordo totalmente;Discordo totalmente;Discordo totalmente;Discordo totalmente;Discordo totalmente;Não sei / Não se aplica;Discordo;Não concordo nem discordo;Discordo;Não sei / Não se aplica;Não concordo nem discordo;Discordo totalmente;Discordo totalmente;Discordo;Discordo;Discordo totalmente;Discordo totalmente;Não concordo nem discordo;Discordo;Discordo;Discordo totalmente;"A Universidade está dispencando e não vejo ações concretas para a conteção dos problemas.
Estamos com um calendário acadêmico que nunca se acerta, deixando alunos e professores neuróticos, cansados, irritados, sem férias reais. A CONGRAD vota sem ler.
Estamos com um alta evasão e não há política de agregação da comunidade a UFJF. Ninguém sabe o que produzimos. Não há política de atualização e melhora dos cursos de graduação, não há conversa com os departamentos, a pesquisa tem mais voz que a graduação. Sem graduação não há pesquisa e nem universidade. 
A política de informação é terrível, vários cartazes de cunho ideológico e nada informativo, que não valorizam a universidade.
O SIGA e SEI são dois sistemas independentes, desatualizados, trabalhosos que não se comunicam. Não há qualquer política de atualização do sistema para algo mais eficiente. 
Não há política de expansão e modernização.
Há um centralização sem possibilidade da manifestação das preocupações e demandas das unidades e cursos.
Ou seja, está tudo despencando."
Servidor(a) TAE  (Técnico-administrativo em Educação);UFJF - Campus Juiz de Fora;"Setor administrativo ligado à Administração Superior (Reitoria; Pró-Reitorias; Diretorias; Órgãos Suplementares)";Discordo;Concordo;Não sei / Não se aplica;Discordo;Não sei / Não se aplica;Não concordo nem discordo;Discordo;Discordo;Discordo;Não concordo nem discordo;Não concordo nem discordo;Discordo;Discordo;Discordo;Não sei / Não se aplica;Não sei / Não se aplica;Não sei / Não se aplica;Não sei / Não se aplica;Não sei / Não se aplica;Não sei / Não se aplica;Não concordo nem discordo;Discordo;Discordo;Não sei / Não se aplica;Não sei / Não se aplica;Não concordo nem discordo;Não sei / Não se aplica;Discordo;Concordo;Não sei / Não se aplica;Não concordo nem discordo;Não sei / Não se aplica;Discordo;Concordo;Não concordo nem discordo;Não concordo nem discordo;Não concordo nem discordo;Não concordo nem discordo;Não concordo nem discordo;Não concordo nem discordo;Não concordo nem discordo;Não concordo nem discordo;Não concordo nem discordo;Discordo;Não concordo nem discordo;Não concordo nem discordo;Discordo;A comunicação na UFJF não ocorre com feedback, portanto poderia ser inovada e transparente, e não apenas emitida. Os programas de apoio à formação dos TAES poderia ser aperfeiçoados e inovados, levando-se em consideração as habilidades e não somente o cargo/função.
Servidor(a) TAE  (Técnico-administrativo em Educação);UFJF - Campus Juiz de Fora;"Setor administrativo ligado à Administração Superior (Reitoria; Pró-Reitorias; Diretorias; Órgãos Suplementares)";Discordo;Discordo;Concordo;Concordo;Não sei / Não se aplica;Discordo totalmente;Discordo totalmente;Discordo totalmente;Concordo;Discordo totalmente;Concordo;Discordo totalmente;Discordo totalmente;Discordo totalmente;Concordo;Concordo;Discordo;Concordo;Discordo;Concordo;Concordo;Discordo;Não concordo nem discordo;Discordo;Não concordo nem discordo;Não concordo nem discordo;Não concordo nem discordo;Discordo totalmente;Concordo;Concordo;Discordo;Concordo;Discordo;Não sei / Não se aplica;Discordo;Não sei / Não se aplica;Discordo;Não concordo nem discordo;Não concordo nem discordo;Discordo totalmente;Não concordo nem discordo;Discordo totalmente;Discordo totalmente;Discordo totalmente;Discordo totalmente;Discordo totalmente;Discordo;
Servidor(a) TAE  (Técnico-administrativo em Educação);UFJF - Campus Governador Valadares;"Setor administrativo ligado à Administração Superior (Reitoria; Pró-Reitorias; Diretorias; Órgãos Suplementares)";Não sei / Não se aplica;Discordo;Não sei / Não se aplica;Não sei / Não se aplica;Não sei / Não se aplica;Concordo;Não concordo nem discordo;Não concordo nem discordo;Concordo;Concordo;Concordo;Não concordo nem discordo;Não concordo nem discordo;Concordo;Não sei / Não se aplica;Não sei / Não se aplica;Não sei / Não se aplica;Não sei / Não se aplica;Não sei / Não se aplica;Não sei / Não se aplica;Concordo;Concordo;Não sei / Não se aplica;Não sei / Não se aplica;Não sei / Não se aplica;Não sei / Não se aplica;Não sei / Não se aplica;Concordo;Não sei / Não se aplica;Concordo;Concordo;Concordo;Concordo;Concordo;Não concordo nem discordo;Concordo;Não concordo nem discordo;Concordo;Não sei / Não se aplica;Não sei / Não se aplica;Não sei / Não se aplica;Não sei / Não se aplica;Concordo;Não concordo nem discordo;Não concordo nem discordo;Não concordo nem discordo;Não sei / Não se aplica;As questões foram respondidas com base em pouco tempo que este servidor entrou em exercício. Com isso, teve/ buscou acesso a poucas informações sobre a universidade.
Servidor(a) TAE  (Técnico-administrativo em Educação);UFJF - Campus Juiz de Fora;"Setor administrativo ligado à Administração Superior (Reitoria; Pró-Reitorias; Diretorias; Órgãos Suplementares)";Discordo totalmente;Concordo;Não sei / Não se aplica;Concordo;Não sei / Não se aplica;Discordo totalmente;Discordo;Não sei / Não se aplica;Concordo;Discordo;Não concordo nem discordo;Discordo;Discordo;Não sei / Não se aplica;Não sei / Não se aplica;Não sei / Não se aplica;Não sei / Não se aplica;Não sei / Não se aplica;Não sei / Não se aplica;Não sei / Não se aplica;Concordo;Discordo;Não sei / Não se aplica;Não sei / Não se aplica;Não sei / Não se aplica;Não sei / Não se aplica;Não sei / Não se aplica;Não sei / Não se aplica;Não sei / Não se aplica;Não sei / Não se aplica;Não sei / Não se aplica;Não sei / Não se aplica;Não sei / Não se aplica;Não sei / Não se aplica;Não sei / Não se aplica;Não sei / Não se aplica;Discordo;Não sei / Não se aplica;Não sei / Não se aplica;Não sei / Não se aplica;Não sei / Não se aplica;Não sei / Não se aplica;Não sei / Não se aplica;Não sei / Não se aplica;Não sei / Não se aplica;Não sei / Não se aplica;Não sei / Não se aplica;
Servidor(a) TAE  (Técnico-administrativo em Educação);UFJF - Campus Juiz de Fora;"Setor administrativo ligado à Administração Superior (Reitoria; Pró-Reitorias; Diretorias; Órgãos Suplementares)";Não concordo nem discordo;Concordo;Concordo;Não sei / Não se aplica;Não sei / Não se aplica;Discordo totalmente;Discordo;Concordo;Discordo;Concordo;Discordo;Concordo;Concordo;Discordo totalmente;Discordo;Concordo;Concordo;Concordo;Concordo;Concordo;Discordo;Concordo;Concordo;Discordo;Discordo;Discordo;Discordo;Discordo;Concordo;Concordo;Concordo;Discordo;Concordo;Concordo;Concordo;Concordo;Discordo;Concordo;Discordo;Discordo;Discordo;Concordo;Não concordo nem discordo;Discordo;Concordo;Concordo;Discordo;
Servidor(a) TAE  (Técnico-administrativo em Educação);UFJF - Campus Juiz de Fora;"Setor administrativo ligado à Administração Superior (Reitoria; Pró-Reitorias; Diretorias; Órgãos Suplementares)";Discordo;Discordo totalmente;Não concordo nem discordo;Discordo totalmente;Não concordo nem discordo;Discordo;Discordo totalmente;Discordo totalmente;Concordo;Discordo;Concordo;Concordo;Não concordo nem discordo;Não concordo nem discordo;Discordo;Concordo;Não concordo nem discordo;Discordo;Discordo;Discordo;Discordo;Discordo totalmente;Não concordo nem discordo;Discordo;Discordo totalmente;Discordo;Discordo totalmente;Discordo;Não concordo nem discordo;Não concordo nem discordo;Não concordo nem discordo;Não concordo nem discordo;Concordo;Concordo;Discordo;Discordo;Discordo totalmente;Discordo;Discordo;Discordo;Discordo totalmente;Concordo;Discordo;Discordo;Discordo;Discordo;Não concordo nem discordo;
Servidor(a) Docente.;UFJF - Campus Juiz de Fora;Faculdade de Engenharia;Discordo totalmente;Discordo;Discordo;Não concordo nem discordo;Discordo;Discordo totalmente;Discordo totalmente;Não concordo nem discordo;Concordo;Concordo;Discordo;Concordo;Discordo;Concordo;Não concordo nem discordo;Não concordo nem discordo;Não concordo nem discordo;Concordo;Concordo;Não concordo nem discordo;Discordo;Concordo;Não concordo nem discordo;Discordo;Concordo;Não concordo nem discordo;Concordo;Não concordo nem discordo;Não concordo nem discordo;Não concordo nem discordo;Não sei / Não se aplica;Não sei / Não se aplica;Concordo;Concordo totalmente;Não concordo nem discordo;Concordo;Discordo totalmente;Discordo totalmente;Discordo totalmente;Discordo totalmente;Discordo totalmente;Discordo totalmente;Discordo totalmente;Discordo totalmente;Discordo totalmente;Discordo totalmente;Concordo totalmente;A UFJF tem muito a melhorar. Penso, a médio prazo de mudar de universidade de uma forma ou de outras.
Servidor(a) TAE  (Técnico-administrativo em Educação);UFJF - Campus Juiz de Fora;"Setor administrativo ligado à Administração Superior (Reitoria; Pró-Reitorias; Diretorias; Órgãos Suplementares)";Concordo;Concordo;Não concordo nem discordo;Não concordo nem discordo;Não concordo nem discordo;Concordo;Concordo;Concordo;Concordo;Concordo;Concordo;Não concordo nem discordo;Discordo;Concordo;Não concordo nem discordo;Não concordo nem discordo;Não concordo nem discordo;Não concordo nem discordo;Não concordo nem discordo;Não concordo nem discordo;Não concordo nem discordo;Concordo;Não concordo nem discordo;Não concordo nem discordo;Não concordo nem discordo;Não concordo nem discordo;Não concordo nem discordo;Discordo;Não concordo nem discordo;Não concordo nem discordo;Não concordo nem discordo;Não concordo nem discordo;Concordo;Concordo;Concordo;Concordo;Não concordo nem discordo;Concordo;Concordo;Discordo;Concordo;Discordo;Não concordo nem discordo;Não concordo nem discordo;Discordo;Discordo;Não concordo nem discordo;
Servidor(a) Docente.;UFJF - Campus Juiz de Fora;Faculdade de Letras;Discordo;Não sei / Não se aplica;Concordo;Discordo;Discordo totalmente;Não sei / Não se aplica;Não sei / Não se aplica;Não sei / Não se aplica;Concordo;Concordo;Concordo;Discordo totalmente;Concordo;Discordo;Discordo totalmente;Concordo;Não concordo nem discordo;Discordo totalmente;Discordo totalmente;Não sei / Não se aplica;Discordo totalmente;Discordo;Não sei / Não se aplica;Discordo;Não sei / Não se aplica;Discordo;Discordo;Discordo totalmente;Discordo totalmente;Não sei / Não se aplica;Não sei / Não se aplica;Não sei / Não se aplica;Concordo;Concordo totalmente;Discordo totalmente;Discordo totalmente;Concordo;Discordo totalmente;Discordo totalmente;Discordo totalmente;Discordo totalmente;Discordo totalmente;Discordo totalmente;Discordo totalmente;Discordo totalmente;Concordo totalmente;Discordo totalmente;"Na Faculdade de Letras, o Infocentro com 10 computadores não tem ar condicionado, colocando o patrimônio público em situação precária para sua conservação (há ainda 2 ventiladores quebrados na mesma sala). O anfiteatro compartilhado com o ICB, onde há até ministração de aulas do ICB, está caindo aos pedaços há muitos anos e nada está sendo feito para sua manutenção. A administração superior trocou as fechaduras dos gabinetes por modelos eletrônicos, mas agora os docentes precisam comprar as pilhas para mantê-las funcionando, já que as pilhas compradas por licitação ""estão descarregando rápido demais, muitas estão vazando e oxidando os contatos, danificando as fechaduras"", conforme palavras da nossa diretora de unidade. No final de 2024, houve muitas reuniões importantes do CONGRAD canceladas por falta de quórum. É preciso rever a normativa que desvaloriza os docentes presentes. A CDARA precisa urgentemente de mais funcionários, pois processos de alteração curricular estão demorando muitos ANOS para serem implementados, sobrecarregando coordenadores e confundindo alunos (um processo aberto em 2021, para alteração de currículo, só foi concluído agora em janeiro de 2025, por exemplo)."
Servidor(a) TAE  (Técnico-administrativo em Educação);UFJF - Campus Juiz de Fora;"Setor administrativo ligado à Administração Superior (Reitoria; Pró-Reitorias; Diretorias; Órgãos Suplementares)";Discordo;Concordo;Concordo;Discordo;Não sei / Não se aplica;Concordo;Concordo;Concordo;Discordo;Concordo;Concordo;Concordo;Concordo;Discordo;Concordo;Concordo;Concordo;Concordo;Concordo;Concordo;Concordo totalmente;Discordo;Concordo;Concordo;Concordo;Concordo totalmente;Concordo;Concordo;Concordo;Concordo totalmente;Concordo totalmente;Concordo totalmente;Não sei / Não se aplica;Concordo totalmente;Concordo;Concordo;Concordo totalmente;Concordo;Concordo;Concordo;Concordo;Concordo;Discordo;Discordo;Concordo;Discordo;Concordo;
Servidor(a) TAE  (Técnico-administrativo em Educação);UFJF - Campus Governador Valadares;"Setor administrativo ligado à Administração Superior (Reitoria; Pró-Reitorias; Diretorias; Órgãos Suplementares)";Discordo;Não sei / Não se aplica;Não sei / Não se aplica;Não concordo nem discordo;Não sei / Não se aplica;Concordo;Não concordo nem discordo;Não concordo nem discordo;Discordo;Concordo;Discordo;Não concordo nem discordo;Não concordo nem discordo;Não concordo nem discordo;Não concordo nem discordo;Não concordo nem discordo;Não concordo nem discordo;Não concordo nem discordo;Não concordo nem discordo;Não concordo nem discordo;Não concordo nem discordo;Não concordo nem discordo;Não concordo nem discordo;Não concordo nem discordo;Não concordo nem discordo;Não concordo nem discordo;Não concordo nem discordo;Não concordo nem discordo;Não concordo nem discordo;Não concordo nem discordo;Não concordo nem discordo;Não concordo nem discordo;Concordo;Não concordo nem discordo;Não concordo nem discordo;Não sei / Não se aplica;Não concordo nem discordo;Não sei / Não se aplica;Não sei / Não se aplica;Não sei / Não se aplica;Não sei / Não se aplica;Discordo;Não concordo nem discordo;Discordo;Não sei / Não se aplica;Não sei / Não se aplica;Não concordo nem discordo;
Servidor(a) TAE  (Técnico-administrativo em Educação);UFJF - Campus Juiz de Fora;Faculdade de Direito;Concordo totalmente;Concordo;Concordo totalmente;Não sei / Não se aplica;Não sei / Não se aplica;Não concordo nem discordo;Concordo;Concordo;Discordo;Concordo totalmente;Concordo;Discordo;Discordo;Concordo;Concordo;Concordo;Concordo;Concordo;Concordo;Concordo;Concordo;Concordo;Concordo;Concordo;Concordo;Concordo;Concordo;Concordo;Concordo;Concordo;Concordo;Concordo;Concordo;Concordo;Concordo;Concordo;Discordo;Concordo;Concordo;Concordo;Concordo;Concordo;Concordo;Concordo;Concordo;Concordo;Concordo;
Servidor(a) Docente.;UFJF - Campus Juiz de Fora;ICE – Instituto de Ciências Exatas;Não sei / Não se aplica;Não sei / Não se aplica;Não sei / Não se aplica;Não sei / Não se aplica;Não concordo nem discordo;Não concordo nem discordo;Não sei / Não se aplica;Discordo totalmente;Discordo;Discordo;Discordo;Discordo;Discordo;Discordo;Não concordo nem discordo;Não concordo nem discordo;Não concordo nem discordo;Não concordo nem discordo;Não concordo nem discordo;Não concordo nem discordo;Discordo totalmente;Não concordo nem discordo;Não concordo nem discordo;Não concordo nem discordo;Não concordo nem discordo;Não concordo nem discordo;Não concordo nem discordo;Discordo;Concordo totalmente;Não concordo nem discordo;Não concordo nem discordo;Não concordo nem discordo;Concordo totalmente;Discordo;Não sei / Não se aplica;Não sei / Não se aplica;Discordo totalmente;Discordo totalmente;Discordo totalmente;Discordo totalmente;Não sei / Não se aplica;Discordo totalmente;Discordo totalmente;Não sei / Não se aplica;Discordo totalmente;Discordo totalmente;Não concordo nem discordo;
Servidor(a) TAE  (Técnico-administrativo em Educação);UFJF - Campus Governador Valadares;"Setor administrativo ligado à Administração Superior (Reitoria; Pró-Reitorias; Diretorias; Órgãos Suplementares)";Discordo;Concordo;Discordo;Concordo;Não sei / Não se aplica;Discordo;Discordo totalmente;Discordo totalmente;Discordo;Discordo totalmente;Discordo totalmente;Discordo;Discordo totalmente;Não concordo nem discordo;Não concordo nem discordo;Não sei / Não se aplica;Não sei / Não se aplica;Não sei / Não se aplica;Não sei / Não se aplica;Não sei / Não se aplica;Concordo;Discordo totalmente;Concordo;Não concordo nem discordo;Não sei / Não se aplica;Concordo;Não sei / Não se aplica;Não sei / Não se aplica;Concordo;Não sei / Não se aplica;Não sei / Não se aplica;Concordo;Concordo;Discordo;Não sei / Não se aplica;Não sei / Não se aplica;Discordo totalmente;Não sei / Não se aplica;Não sei / Não se aplica;Não sei / Não se aplica;Não sei / Não se aplica;Discordo totalmente;Discordo totalmente;Concordo;Não sei / Não se aplica;Não sei / Não se aplica;Concordo;Setores do campus Governador Valadares são muito grandes e as chefias sobrecarregadas com muitas áreas de atenção/atuação o que dificulta o acompanhamento e orientação mais próxima e dedicada aos servidores lotados no setor com relação às demandas em andamento, prejudicando muitas vezes o andamento de atividades e a satisfação no trabalho.
Servidor(a) Docente.;UFJF - Campus Juiz de Fora;ICH – Instituto de Ciências Humanas;Não sei / Não se aplica;Não sei / Não se aplica;Concordo totalmente;Não concordo nem discordo;Concordo;Concordo;Não concordo nem discordo;Não concordo nem discordo;Concordo;Concordo;Concordo;Discordo totalmente;Discordo totalmente;Discordo totalmente;Não sei / Não se aplica;Concordo;Não concordo nem discordo;Não sei / Não se aplica;Não concordo nem discordo;Não concordo nem discordo;Concordo;Concordo;Não sei / Não se aplica;Não sei / Não se aplica;Concordo;Não sei / Não se aplica;Não sei / Não se aplica;Concordo;Concordo;Concordo;Não sei / Não se aplica;Não sei / Não se aplica;Concordo;Concordo totalmente;Concordo;Concordo;Não concordo nem discordo;Concordo;Concordo;Concordo;Concordo;Não sei / Não se aplica;Concordo;Não concordo nem discordo;Concordo;Não sei / Não se aplica;Não sei / Não se aplica;Mais divulgação sobre programas de capacitação dos servidores da instituição
Servidor(a) Docente.;UFJF - Campus Juiz de Fora;Faculdade de Administração e Ciências Contábeis;Concordo;Concordo;Concordo;Concordo;Discordo;Discordo;Concordo;Não concordo nem discordo;Concordo;Concordo;Concordo totalmente;Não concordo nem discordo;Não concordo nem discordo;Concordo;Concordo totalmente;Não concordo nem discordo;Concordo;Concordo;Concordo totalmente;Concordo totalmente;Concordo totalmente;Concordo totalmente;Concordo;Concordo;Não concordo nem discordo;Não concordo nem discordo;Concordo;Não concordo nem discordo;Não concordo nem discordo;Concordo;Concordo totalmente;Não sei / Não se aplica;Concordo totalmente;Concordo totalmente;Concordo;Não concordo nem discordo;Discordo;Concordo totalmente;Concordo totalmente;Concordo;Não concordo nem discordo;Não concordo nem discordo;Concordo;Concordo;Concordo;Concordo;Concordo;
Servidor(a) Docente.;UFJF - Campus Governador Valadares;Instituto de Ciências da Vida (ICV) – Governador Valadares;Concordo;Concordo totalmente;Concordo;Não concordo nem discordo;Concordo;Não sei / Não se aplica;Não sei / Não se aplica;Não sei / Não se aplica;Não concordo nem discordo;Concordo;Concordo;Não concordo nem discordo;Concordo;Concordo;Não sei / Não se aplica;Não sei / Não se aplica;Não sei / Não se aplica;Concordo;Concordo;Não sei / Não se aplica;Não sei / Não se aplica;Concordo;Não sei / Não se aplica;Não sei / Não se aplica;Não sei / Não se aplica;Não sei / Não se aplica;Não sei / Não se aplica;Não sei / Não se aplica;Não sei / Não se aplica;Não sei / Não se aplica;Não sei / Não se aplica;Concordo;Concordo;Concordo;Concordo;Concordo;Não concordo nem discordo;Concordo;Concordo;Concordo;Não sei / Não se aplica;Não concordo nem discordo;Discordo;Não concordo nem discordo;Concordo;Concordo;Não concordo nem discordo;
Servidor(a) TAE  (Técnico-administrativo em Educação);UFJF - Campus Governador Valadares;"Setor administrativo ligado à Administração Superior (Reitoria; Pró-Reitorias; Diretorias; Órgãos Suplementares)";Não concordo nem discordo;Não concordo nem discordo;Não concordo nem discordo;Concordo;Concordo totalmente;Concordo totalmente;Não sei / Não se aplica;Não sei / Não se aplica;Concordo;Concordo;Concordo totalmente;Concordo;Concordo;Não concordo nem discordo;Não concordo nem discordo;Não concordo nem discordo;Não concordo nem discordo;Não concordo nem discordo;Não concordo nem discordo;Não concordo nem discordo;Não concordo nem discordo;Não concordo nem discordo;Não concordo nem discordo;Não concordo nem discordo;Não concordo nem discordo;Não concordo nem discordo;Não concordo nem discordo;Não concordo nem discordo;Não concordo nem discordo;Não concordo nem discordo;Não concordo nem discordo;Discordo;Discordo;Discordo;Não concordo nem discordo;Não concordo nem discordo;Não concordo nem discordo;Não concordo nem discordo;Não concordo nem discordo;Não concordo nem discordo;Não concordo nem discordo;Não concordo nem discordo;Não concordo nem discordo;Não concordo nem discordo;Não concordo nem discordo;Não concordo nem discordo;Não concordo nem discordo;
Servidor(a) TAE  (Técnico-administrativo em Educação);UFJF - Campus Juiz de Fora;IAD – Instituto de Artes e Design;Concordo;Concordo;Não sei / Não se aplica;Discordo totalmente;Não sei / Não se aplica;Discordo totalmente;Concordo;Não sei / Não se aplica;Discordo;Discordo totalmente;Não concordo nem discordo;Não sei / Não se aplica;Não sei / Não se aplica;Não sei / Não se aplica;Não sei / Não se aplica;Concordo;Não concordo nem discordo;Não sei / Não se aplica;Não sei / Não se aplica;Discordo;Não concordo nem discordo;Não sei / Não se aplica;Não sei / Não se aplica;Não sei / Não se aplica;Não sei / Não se aplica;Não sei / Não se aplica;Não concordo nem discordo;Discordo;Não concordo nem discordo;Concordo;Não sei / Não se aplica;Não sei / Não se aplica;Não concordo nem discordo;Não concordo nem discordo;Não sei / Não se aplica;Concordo;Discordo;Não sei / Não se aplica;Não sei / Não se aplica;Não sei / Não se aplica;Não sei / Não se aplica;Discordo;Discordo;Discordo;Não concordo nem discordo;Não concordo nem discordo;Não sei / Não se aplica;
Servidor(a) Docente.;UFJF - Campus Juiz de Fora;ICE – Instituto de Ciências Exatas;Discordo;Discordo;Concordo;Concordo;Não concordo nem discordo;Não concordo nem discordo;Não concordo nem discordo;Discordo;Não concordo nem discordo;Concordo;Concordo;Discordo;Não concordo nem discordo;Concordo;Não concordo nem discordo;Não concordo nem discordo;Não concordo nem discordo;Discordo;Não concordo nem discordo;Não concordo nem discordo;Discordo;Não concordo nem discordo;Não concordo nem discordo;Não concordo nem discordo;Não concordo nem discordo;Não concordo nem discordo;Não concordo nem discordo;Não concordo nem discordo;Não concordo nem discordo;Não concordo nem discordo;Não concordo nem discordo;Não sei / Não se aplica;Concordo;Concordo;Discordo;Concordo;Discordo;Discordo;Discordo;Não concordo nem discordo;Não concordo nem discordo;Discordo;Discordo;Não concordo nem discordo;Discordo;Concordo;Concordo;
Servidor(a) Docente.;UFJF - Campus Governador Valadares;Instituto de Ciências da Vida (ICV) – Governador Valadares;Concordo;Concordo;Concordo totalmente;Concordo;Discordo;Discordo totalmente;Concordo;Discordo totalmente;Concordo;Concordo;Concordo;Discordo;Discordo;Discordo;Não concordo nem discordo;Não concordo nem discordo;Concordo;Concordo;Concordo;Não concordo nem discordo;Discordo;Concordo;Não concordo nem discordo;Não concordo nem discordo;Concordo;Concordo;Não concordo nem discordo;Não concordo nem discordo;Não concordo nem discordo;Não concordo nem discordo;Não concordo nem discordo;Não concordo nem discordo;Não concordo nem discordo;Concordo;Não concordo nem discordo;Não sei / Não se aplica;Não concordo nem discordo;Não concordo nem discordo;Não concordo nem discordo;Não concordo nem discordo;Concordo;Discordo;Discordo;Concordo;Concordo;Concordo;Não concordo nem discordo;
Servidor(a) Docente.;UFJF - Campus Juiz de Fora;Faculdade de Educação;Não concordo nem discordo;Não concordo nem discordo;Concordo;Concordo;Discordo;Discordo;Não concordo nem discordo;Não concordo nem discordo;Concordo;Concordo;Concordo;Concordo;Concordo;Concordo;Concordo;Concordo;Concordo;Concordo;Concordo;Concordo;Não concordo nem discordo;Concordo totalmente;Concordo;Concordo;Não concordo nem discordo;Não concordo nem discordo;Concordo;Concordo;Não concordo nem discordo;Concordo;Não concordo nem discordo;Não sei / Não se aplica;Concordo totalmente;Concordo totalmente;Concordo;Concordo;Concordo;Concordo;Não concordo nem discordo;Não concordo nem discordo;Não concordo nem discordo;Discordo;Discordo;Não concordo nem discordo;Discordo;Discordo;Concordo;
Servidor(a) TAE  (Técnico-administrativo em Educação);UFJF - Campus Juiz de Fora;"Setor administrativo ligado à Administração Superior (Reitoria; Pró-Reitorias; Diretorias; Órgãos Suplementares)";Concordo;Concordo;Concordo;Concordo;Não sei / Não se aplica;Concordo;Discordo totalmente;Não sei / Não se aplica;Discordo;Discordo totalmente;Não concordo nem discordo;Discordo totalmente;Não sei / Não se aplica;Discordo totalmente;Não sei / Não se aplica;Não sei / Não se aplica;Não sei / Não se aplica;Não sei / Não se aplica;Não sei / Não se aplica;Discordo;Discordo;Discordo;Não sei / Não se aplica;Não sei / Não se aplica;Não sei / Não se aplica;Não sei / Não se aplica;Não sei / Não se aplica;Discordo;Não sei / Não se aplica;Não sei / Não se aplica;Não sei / Não se aplica;Não sei / Não se aplica;Discordo;Concordo;Não sei / Não se aplica;Não sei / Não se aplica;Discordo totalmente;Concordo;Concordo;Concordo;Não sei / Não se aplica;Concordo;Discordo;Concordo;Não sei / Não se aplica;Não sei / Não se aplica;Discordo;
Servidor(a) Docente.;UFJF - Campus Governador Valadares;Instituto de Ciências Sociais Aplicadas (ICSA) – Governador Valadares;Não concordo nem discordo;Não concordo nem discordo;Não concordo nem discordo;Concordo;Concordo;Concordo;Não concordo nem discordo;Não concordo nem discordo;Concordo;Discordo;Discordo;Concordo;Discordo;Não concordo nem discordo;Concordo totalmente;Concordo;Discordo totalmente;Não concordo nem discordo;Concordo;Não concordo nem discordo;Não concordo nem discordo;Concordo;Concordo totalmente;Concordo;Concordo;Concordo;Concordo;Concordo;Concordo;Concordo;Concordo;Discordo totalmente;Concordo;Concordo;Concordo;Não sei / Não se aplica;Discordo;Concordo totalmente;Concordo;Concordo;Concordo;Concordo;Não concordo nem discordo;Discordo;Não concordo nem discordo;Concordo;Concordo totalmente;
Servidor(a) TAE  (Técnico-administrativo em Educação);UFJF - Campus Juiz de Fora;"Setor administrativo ligado à Administração Superior (Reitoria; Pró-Reitorias; Diretorias; Órgãos Suplementares)";Discordo;Concordo;Concordo;Concordo;Não sei / Não se aplica;Concordo;Discordo;Não concordo nem discordo;Concordo;Não concordo nem discordo;Concordo;Discordo;Discordo;Discordo;Concordo;Concordo;Concordo;Concordo;Concordo;Concordo;Concordo;Concordo;Concordo;Concordo;Concordo;Concordo;Concordo;Concordo;Concordo;Concordo;Concordo;Concordo;Concordo;Concordo;Discordo;Não sei / Não se aplica;Concordo;Não concordo nem discordo;Não concordo nem discordo;Não concordo nem discordo;Não concordo nem discordo;Discordo totalmente;Discordo totalmente;Discordo;Não sei / Não se aplica;Não sei / Não se aplica;Discordo;"É preciso melhorar a comunicação dos órgãos superiores com os demais setores; dos superiores hierárquicos com seus servidores;
Há necessidade de melhorar os espaço físicos (ambiente mais apropriado para refeições dos servidores, banheiros longe do local de refeição);
Falta papel toalha e sabonete nos banheiros."
Servidor(a) TAE  (Técnico-administrativo em Educação);UFJF - Campus Juiz de Fora;"Setor administrativo ligado à Administração Superior (Reitoria; Pró-Reitorias; Diretorias; Órgãos Suplementares)";Discordo;Concordo;Concordo;Concordo totalmente;Não sei / Não se aplica;Discordo;Não concordo nem discordo;Não concordo nem discordo;Discordo;Não concordo nem discordo;Concordo;Concordo;Discordo totalmente;Discordo;Não concordo nem discordo;Discordo totalmente;Não concordo nem discordo;Não concordo nem discordo;Não concordo nem discordo;Não concordo nem discordo;Não concordo nem discordo;Discordo totalmente;Não concordo nem discordo;Não concordo nem discordo;Não concordo nem discordo;Não concordo nem discordo;Não concordo nem discordo;Não concordo nem discordo;Discordo;Não concordo nem discordo;Não concordo nem discordo;Não concordo nem discordo;Não concordo nem discordo;Não concordo nem discordo;Discordo;Discordo;Não concordo nem discordo;Não concordo nem discordo;Não concordo nem discordo;Não concordo nem discordo;Não concordo nem discordo;Não concordo nem discordo;Não concordo nem discordo;Discordo;Discordo;Não concordo nem discordo;Concordo;
Servidor(a) TAE  (Técnico-administrativo em Educação);UFJF - Campus Juiz de Fora;IAD – Instituto de Artes e Design;Não concordo nem discordo;Não concordo nem discordo;Discordo;Não concordo nem discordo;Não concordo nem discordo;Não concordo nem discordo;Discordo;Não concordo nem discordo;Discordo;Concordo;Concordo;Concordo;Não concordo nem discordo;Não concordo nem discordo;Concordo;Concordo;Concordo;Concordo;Concordo;Concordo;Concordo;Concordo;Concordo;Concordo;Concordo;Concordo;Concordo;Concordo;Concordo;Concordo;Concordo;Concordo;Concordo;Concordo;Não concordo nem discordo;Não concordo nem discordo;Discordo;Concordo;Discordo;Discordo;Discordo;Discordo;Discordo;Discordo;Não concordo nem discordo;Não concordo nem discordo;Discordo;
Servidor(a) TAE  (Técnico-administrativo em Educação);UFJF - Campus Governador Valadares;Outra;Discordo;Discordo;Não concordo nem discordo;Concordo totalmente;Não concordo nem discordo;Concordo;Não concordo nem discordo;Discordo;Não concordo nem discordo;Concordo totalmente;Concordo;Concordo;Concordo;Concordo;Não concordo nem discordo;Não concordo nem discordo;Não concordo nem discordo;Não concordo nem discordo;Não concordo nem discordo;Não concordo nem discordo;Não concordo nem discordo;Discordo;Não concordo nem discordo;Não concordo nem discordo;Não concordo nem discordo;Discordo;Não concordo nem discordo;Não concordo nem discordo;Não concordo nem discordo;Não concordo nem discordo;Não concordo nem discordo;Concordo;Concordo;Concordo totalmente;Discordo;Não concordo nem discordo;Discordo;Concordo;Concordo;Concordo totalmente;Não concordo nem discordo;Não concordo nem discordo;Não concordo nem discordo;Não concordo nem discordo;Não concordo nem discordo;Discordo;Não concordo nem discordo;"Vou trocar aqui o termo ""necessário"" pelo ""Gostaria que melhorasse"":
Gostaria que a UFJF melhorasse o tratamento para os servidores em exercício provisório.  Isso evitaria esse sentimento de ser tratado como bastardo.
Gostaria que o setor de Gestão de Pessoas fosse mais ativo e menos responsivo."
Servidor(a) TAE  (Técnico-administrativo em Educação);UFJF - Campus Juiz de Fora;"Setor administrativo ligado à Administração Superior (Reitoria; Pró-Reitorias; Diretorias; Órgãos Suplementares)";Concordo;Concordo;Concordo;Concordo totalmente;Não sei / Não se aplica;Concordo totalmente;Concordo;Concordo;Concordo;Concordo totalmente;Concordo totalmente;Concordo;Concordo;Concordo;Concordo;Concordo;Concordo;Concordo;Concordo;Concordo;Concordo;Concordo;Concordo;Concordo;Concordo;Concordo;Concordo;Concordo;Concordo;Concordo;Concordo;Concordo;Concordo totalmente;Concordo totalmente;Concordo;Concordo totalmente;Concordo;Concordo;Concordo;Concordo;Concordo;Concordo;Concordo;Concordo;Concordo;Concordo;Concordo;
Servidor(a) Docente.;UFJF - Campus Governador Valadares;Instituto de Ciências Sociais Aplicadas (ICSA) – Governador Valadares;Discordo;Concordo;Não concordo nem discordo;Não sei / Não se aplica;Concordo;Discordo;Não sei / Não se aplica;Não sei / Não se aplica;Concordo;Não concordo nem discordo;Concordo;Concordo;Não concordo nem discordo;Concordo totalmente;Concordo;Concordo;Não concordo nem discordo;Concordo;Concordo;Não sei / Não se aplica;Não sei / Não se aplica;Concordo;Não sei / Não se aplica;Não sei / Não se aplica;Não sei / Não se aplica;Concordo;Não sei / Não se aplica;Não sei / Não se aplica;Não sei / Não se aplica;Não concordo nem discordo;Não sei / Não se aplica;Não concordo nem discordo;Concordo;Concordo totalmente;Concordo;Concordo;Discordo totalmente;Concordo;Discordo;Concordo;Não sei / Não se aplica;Não sei / Não se aplica;Discordo;Não concordo nem discordo;Não concordo nem discordo;Concordo;Não sei / Não se aplica;
Servidor(a) TAE  (Técnico-administrativo em Educação);UFJF - Campus Juiz de Fora;"Setor administrativo ligado à Administração Superior (Reitoria; Pró-Reitorias; Diretorias; Órgãos Suplementares)";Concordo;Concordo;Não sei / Não se aplica;Não concordo nem discordo;Não sei / Não se aplica;Discordo;Discordo;Discordo;Discordo;Discordo totalmente;Discordo;Discordo totalmente;Não concordo nem discordo;Discordo;Concordo;Não sei / Não se aplica;Não sei / Não se aplica;Não sei / Não se aplica;Não sei / Não se aplica;Não sei / Não se aplica;Não sei / Não se aplica;Discordo;Não sei / Não se aplica;Concordo;Não sei / Não se aplica;Não sei / Não se aplica;Não sei / Não se aplica;Não sei / Não se aplica;Não sei / Não se aplica;Discordo totalmente;Concordo;Não sei / Não se aplica;Discordo;Discordo;Não sei / Não se aplica;Não sei / Não se aplica;Discordo totalmente;Não sei / Não se aplica;Não sei / Não se aplica;Não sei / Não se aplica;Não sei / Não se aplica;Concordo;Não sei / Não se aplica;Concordo;Não sei / Não se aplica;Não sei / Não se aplica;Não sei / Não se aplica;
Servidor(a) Docente.;UFJF - Campus Juiz de Fora;ICB – Instituto de Ciências Biológicas;Discordo totalmente;Concordo;Concordo;Não sei / Não se aplica;Concordo totalmente;Concordo;Não sei / Não se aplica;Não concordo nem discordo;Não concordo nem discordo;Concordo totalmente;Discordo;Concordo;Não concordo nem discordo;Concordo totalmente;Concordo;Não sei / Não se aplica;Discordo;Discordo;Não sei / Não se aplica;Não sei / Não se aplica;Discordo;Concordo totalmente;Não sei / Não se aplica;Não sei / Não se aplica;Discordo;Discordo totalmente;Discordo;Discordo totalmente;Não concordo nem discordo;Discordo totalmente;Não sei / Não se aplica;Não sei / Não se aplica;Concordo totalmente;Concordo totalmente;Não concordo nem discordo;Concordo;Concordo;Concordo;Discordo totalmente;Não sei / Não se aplica;Discordo;Discordo totalmente;Não concordo nem discordo;Discordo;Discordo totalmente;Discordo;Discordo;
Servidor(a) TAE  (Técnico-administrativo em Educação);UFJF - Campus Juiz de Fora;"Setor administrativo ligado à Administração Superior (Reitoria; Pró-Reitorias; Diretorias; Órgãos Suplementares)";Concordo totalmente;Não sei / Não se aplica;Não sei / Não se aplica;Não sei / Não se aplica;Não sei / Não se aplica;Concordo;Não concordo nem discordo;Não concordo nem discordo;Concordo totalmente;Concordo totalmente;Concordo totalmente;Concordo totalmente;Não sei / Não se aplica;Não sei / Não se aplica;Não sei / Não se aplica;Não sei / Não se aplica;Não sei / Não se aplica;Não sei / Não se aplica;Não sei / Não se aplica;Não sei / Não se aplica;Não sei / Não se aplica;Concordo totalmente;Não sei / Não se aplica;Não sei / Não se aplica;Não sei / Não se aplica;Não sei / Não se aplica;Não sei / Não se aplica;Não sei / Não se aplica;Não sei / Não se aplica;Não sei / Não se aplica;Não sei / Não se aplica;Não sei / Não se aplica;Não sei / Não se aplica;Não sei / Não se aplica;Concordo totalmente;Concordo totalmente;Não concordo nem discordo;Não sei / Não se aplica;Não sei / Não se aplica;Não sei / Não se aplica;Não sei / Não se aplica;Não sei / Não se aplica;Não sei / Não se aplica;Não sei / Não se aplica;Não sei / Não se aplica;Não sei / Não se aplica;Não sei / Não se aplica;
Servidor(a) Docente.;UFJF - Campus Governador Valadares;Instituto de Ciências Sociais Aplicadas (ICSA) – Governador Valadares;Concordo;Concordo;Concordo;Não concordo nem discordo;Concordo;Concordo;Concordo;Não concordo nem discordo;Concordo;Concordo;Concordo totalmente;Concordo;Concordo;Concordo;Discordo;Não concordo nem discordo;Não concordo nem discordo;Concordo;Concordo;Discordo;Discordo;Concordo;Concordo;Discordo;Não concordo nem discordo;Discordo;Discordo;Concordo;Discordo;Discordo;Discordo;Concordo;Concordo totalmente;Concordo totalmente;Concordo;Concordo;Não concordo nem discordo;Concordo;Concordo;Discordo;Não concordo nem discordo;Discordo;Discordo;Concordo;Discordo;Concordo;Concordo;
Servidor(a) TAE  (Técnico-administrativo em Educação);UFJF - Campus Juiz de Fora;"Setor administrativo ligado à Administração Superior (Reitoria; Pró-Reitorias; Diretorias; Órgãos Suplementares)";Discordo;Discordo;Concordo;Concordo;Não sei / Não se aplica;Concordo totalmente;Concordo;Concordo;Concordo;Concordo;Concordo totalmente;Concordo;Concordo;Concordo;Concordo;Concordo;Concordo;Concordo;Concordo;Concordo;Concordo;Concordo;Concordo;Concordo;Concordo;Concordo;Concordo;Concordo;Concordo;Concordo;Concordo;Não sei / Não se aplica;Não sei / Não se aplica;Não sei / Não se aplica;Não sei / Não se aplica;Não sei / Não se aplica;Discordo;Concordo;Concordo;Concordo;Concordo;Concordo;Discordo totalmente;Concordo;Discordo totalmente;Discordo totalmente;Concordo;
Servidor(a) Docente.;UFJF - Campus Juiz de Fora;Faculdade de Administração e Ciências Contábeis;Concordo;Não concordo nem discordo;Concordo;Concordo;Discordo totalmente;Não sei / Não se aplica;Não concordo nem discordo;Não concordo nem discordo;Discordo;Não concordo nem discordo;Concordo;Concordo;Concordo;Concordo;Concordo;Não concordo nem discordo;Não concordo nem discordo;Concordo;Discordo;Não concordo nem discordo;Discordo;Não concordo nem discordo;Não concordo nem discordo;Não concordo nem discordo;Não concordo nem discordo;Discordo;Discordo;Discordo;Discordo;Discordo;Não concordo nem discordo;Não sei / Não se aplica;Não sei / Não se aplica;Não sei / Não se aplica;Discordo;Discordo;Discordo;Discordo;Não concordo nem discordo;Discordo;Discordo;Discordo;Discordo;Discordo;Não concordo nem discordo;Discordo;Concordo;
Servidor(a) Docente.;UFJF - Campus Juiz de Fora;Faculdade de Engenharia;Concordo totalmente;Concordo totalmente;Discordo;Não concordo nem discordo;Concordo;Não concordo nem discordo;Não concordo nem discordo;Discordo;Não concordo nem discordo;Concordo;Concordo totalmente;Não concordo nem discordo;Não concordo nem discordo;Concordo totalmente;Concordo;Não sei / Não se aplica;Concordo totalmente;Concordo;Concordo;Não concordo nem discordo;Concordo totalmente;Concordo totalmente;Concordo totalmente;Concordo totalmente;Concordo;Concordo totalmente;Não concordo nem discordo;Concordo;Concordo;Concordo;Concordo;Não sei / Não se aplica;Concordo;Concordo totalmente;Concordo;Concordo;Concordo totalmente;Concordo;Discordo;Concordo;Não concordo nem discordo;Não concordo nem discordo;Discordo;Concordo totalmente;Concordo;Concordo;Concordo totalmente;
Servidor(a) Docente.;UFJF - Campus Governador Valadares;Instituto de Ciências da Vida (ICV) – Governador Valadares;Não concordo nem discordo;Não concordo nem discordo;Não concordo nem discordo;Não concordo nem discordo;Discordo;Discordo;Não concordo nem discordo;Não concordo nem discordo;Não concordo nem discordo;Discordo;Não concordo nem discordo;Não concordo nem discordo;Não concordo nem discordo;Concordo;Não concordo nem discordo;Não concordo nem discordo;Não concordo nem discordo;Não concordo nem discordo;Não concordo nem discordo;Não concordo nem discordo;Não concordo nem discordo;Não concordo nem discordo;Não concordo nem discordo;Não concordo nem discordo;Não concordo nem discordo;Não concordo nem discordo;Não concordo nem discordo;Não concordo nem discordo;Não concordo nem discordo;Não concordo nem discordo;Não concordo nem discordo;Não concordo nem discordo;Concordo;Concordo totalmente;Discordo;Não concordo nem discordo;Não concordo nem discordo;Discordo totalmente;Discordo totalmente;Não concordo nem discordo;Não concordo nem discordo;Discordo totalmente;Discordo totalmente;Não concordo nem discordo;Concordo;Concordo;Discordo;A falta de infraestrutura no campus GV, especialmente no ICV, afeta todas as esferas de atuação da universidade. Destaca-se o espalhamento dos locais de atuação pela cidade, sendo que alguns desses espaços, em especial o prédio da UNIPAC, estão muito aquém do necessário.
Servidor(a) TAE  (Técnico-administrativo em Educação);UFJF - Campus Juiz de Fora;ICH – Instituto de Ciências Humanas;Concordo;Concordo;Concordo;Não sei / Não se aplica;Não sei / Não se aplica;Discordo;Não sei / Não se aplica;Não sei / Não se aplica;Concordo;Não concordo nem discordo;Discordo;Concordo;Não sei / Não se aplica;Discordo;Não concordo nem discordo;Concordo;Concordo;Não concordo nem discordo;Concordo;Não concordo nem discordo;Concordo;Concordo;Concordo;Concordo;Não sei / Não se aplica;Não sei / Não se aplica;Não sei / Não se aplica;Não sei / Não se aplica;Não sei / Não se aplica;Não sei / Não se aplica;Não sei / Não se aplica;Não sei / Não se aplica;Concordo;Não sei / Não se aplica;Concordo;Não sei / Não se aplica;Discordo;Concordo;Concordo;Concordo;Não sei / Não se aplica;Não sei / Não se aplica;Concordo;Concordo;Concordo;Concordo;Concordo;
Servidor(a) Docente.;UFJF - Campus Juiz de Fora;Faculdade de Medicina;Concordo;Discordo totalmente;Não concordo nem discordo;Discordo totalmente;Discordo totalmente;Discordo totalmente;Não concordo nem discordo;Discordo totalmente;Discordo totalmente;Discordo;Concordo;Discordo totalmente;Discordo totalmente;Discordo;Não sei / Não se aplica;Não sei / Não se aplica;Não sei / Não se aplica;Concordo totalmente;Não sei / Não se aplica;Não sei / Não se aplica;Não sei / Não se aplica;Não sei / Não se aplica;Não sei / Não se aplica;Não sei / Não se aplica;Não sei / Não se aplica;Não sei / Não se aplica;Não sei / Não se aplica;Não sei / Não se aplica;Não sei / Não se aplica;Não sei / Não se aplica;Não sei / Não se aplica;Não sei / Não se aplica;Não concordo nem discordo;Não concordo nem discordo;Não sei / Não se aplica;Não sei / Não se aplica;Discordo totalmente;Discordo;Discordo;Discordo;Não sei / Não se aplica;Discordo;Discordo;Não sei / Não se aplica;Discordo;Discordo;Não sei / Não se aplica;
Servidor(a) Docente.;UFJF - Campus Juiz de Fora;ICB – Instituto de Ciências Biológicas;Concordo totalmente;Concordo totalmente;Concordo;Concordo;Concordo;Concordo;Não sei / Não se aplica;Não sei / Não se aplica;Concordo totalmente;Concordo totalmente;Concordo totalmente;Concordo;Concordo;Não sei / Não se aplica;Concordo;Concordo;Concordo;Concordo;Concordo;Concordo;Concordo;Concordo totalmente;Concordo;Concordo;Concordo;Concordo;Concordo;Concordo;Concordo;Concordo;Concordo;Não sei / Não se aplica;Concordo totalmente;Concordo totalmente;Concordo;Concordo totalmente;Não concordo nem discordo;Concordo;Discordo;Não concordo nem discordo;Não concordo nem discordo;Discordo;Discordo;Não concordo nem discordo;Concordo;Concordo;Não sei / Não se aplica;
Servidor(a) Docente.;UFJF - Campus Juiz de Fora;ICH – Instituto de Ciências Humanas;Concordo;Concordo;Concordo;Concordo;Concordo;Não sei / Não se aplica;Concordo;Não concordo nem discordo;Concordo;Concordo;Concordo;Concordo;Concordo;Não concordo nem discordo;Concordo;Não sei / Não se aplica;Concordo;Concordo;Concordo;Concordo;Concordo;Concordo;Concordo;Concordo;Concordo;Concordo;Concordo;Concordo;Concordo;Concordo;Concordo;Não sei / Não se aplica;Concordo;Concordo;Concordo;Concordo;Concordo;Concordo;Concordo;Concordo;Concordo;Concordo;Discordo;Concordo;Concordo;Discordo;Concordo;
Servidor(a) Docente.;UFJF - Campus Juiz de Fora;ICH – Instituto de Ciências Humanas;Não sei / Não se aplica;Não sei / Não se aplica;Não sei / Não se aplica;Discordo;Discordo;Não sei / Não se aplica;Discordo;Não sei / Não se aplica;Discordo;Discordo totalmente;Discordo totalmente;Não concordo nem discordo;Concordo;Não sei / Não se aplica;Não concordo nem discordo;Não sei / Não se aplica;Não concordo nem discordo;Discordo;Não concordo nem discordo;Não sei / Não se aplica;Não concordo nem discordo;Discordo;Não concordo nem discordo;Não concordo nem discordo;Não concordo nem discordo;Não concordo nem discordo;Não concordo nem discordo;Não concordo nem discordo;Não concordo nem discordo;Não concordo nem discordo;Não concordo nem discordo;Não sei / Não se aplica;Discordo totalmente;Discordo totalmente;Discordo;Não concordo nem discordo;Discordo totalmente;Discordo;Discordo;Discordo;Não sei / Não se aplica;Discordo;Concordo;Não sei / Não se aplica;Discordo;Discordo;Não sei / Não se aplica;A UFJF é uma instituição demasiadamente apegada a aspectos burocráticos, de uma forma quase que obsessiva, e o ambiente de trabalho é tóxico, com assedio moral acontecendo o tempo todo.
Servidor(a) Docente.;UFJF - Campus Juiz de Fora;ICB – Instituto de Ciências Biológicas;Concordo;Concordo;Concordo;Concordo;Não concordo nem discordo;Não concordo nem discordo;Concordo;Concordo totalmente;Concordo;Não concordo nem discordo;Não concordo nem discordo;Concordo;Concordo;Concordo;Concordo;Concordo;Concordo;Concordo;Concordo;Concordo;Concordo;Concordo;Concordo;Concordo;Concordo;Concordo;Concordo;Concordo;Concordo;Concordo;Concordo;Concordo;Concordo;Concordo;Não concordo nem discordo;Concordo;Não concordo nem discordo;Concordo totalmente;Concordo totalmente;Concordo totalmente;Concordo totalmente;Concordo totalmente;Concordo totalmente;Concordo totalmente;Concordo totalmente;Concordo totalmente;Não concordo nem discordo;
Servidor(a) TAE  (Técnico-administrativo em Educação);UFJF - Campus Juiz de Fora;ICB – Instituto de Ciências Biológicas;Discordo;Discordo totalmente;Discordo;Discordo totalmente;Não sei / Não se aplica;Não sei / Não se aplica;Discordo totalmente;Discordo totalmente;Discordo;Não sei / Não se aplica;Não sei / Não se aplica;Discordo;Discordo totalmente;Discordo totalmente;Não sei / Não se aplica;Não sei / Não se aplica;Não sei / Não se aplica;Concordo;Discordo totalmente;Não sei / Não se aplica;Concordo;Não concordo nem discordo;Não sei / Não se aplica;Não sei / Não se aplica;Não sei / Não se aplica;Não sei / Não se aplica;Não sei / Não se aplica;Não concordo nem discordo;Não concordo nem discordo;Não sei / Não se aplica;Discordo totalmente;Não sei / Não se aplica;Discordo;Não sei / Não se aplica;Concordo;Não sei / Não se aplica;Discordo totalmente;Não sei / Não se aplica;Não sei / Não se aplica;Concordo;Não sei / Não se aplica;Discordo totalmente;Discordo totalmente;Discordo totalmente;Não sei / Não se aplica;Concordo;Discordo;
Servidor(a) TAE  (Técnico-administrativo em Educação);UFJF - Campus Juiz de Fora;"Setor administrativo ligado à Administração Superior (Reitoria; Pró-Reitorias; Diretorias; Órgãos Suplementares)";Discordo totalmente;Discordo;Discordo;Não sei / Não se aplica;Não sei / Não se aplica;Discordo;Não concordo nem discordo;Não sei / Não se aplica;Discordo;Concordo;Não concordo nem discordo;Discordo totalmente;Não sei / Não se aplica;Discordo totalmente;Não sei / Não se aplica;Não sei / Não se aplica;Não sei / Não se aplica;Não sei / Não se aplica;Não sei / Não se aplica;Não sei / Não se aplica;Discordo;Discordo;Concordo;Não sei / Não se aplica;Não sei / Não se aplica;Não sei / Não se aplica;Não sei / Não se aplica;Discordo;Discordo;Não sei / Não se aplica;Discordo;Não sei / Não se aplica;Discordo;Concordo;Não concordo nem discordo;Não sei / Não se aplica;Discordo totalmente;Não sei / Não se aplica;Não sei / Não se aplica;Não sei / Não se aplica;Não sei / Não se aplica;Discordo;Discordo;Discordo totalmente;Não sei / Não se aplica;Não sei / Não se aplica;Não concordo nem discordo;
Servidor(a) TAE  (Técnico-administrativo em Educação);UFJF - Campus Juiz de Fora;"Setor administrativo ligado à Administração Superior (Reitoria; Pró-Reitorias; Diretorias; Órgãos Suplementares)";Não concordo nem discordo;Não sei / Não se aplica;Não concordo nem discordo;Discordo totalmente;Não sei / Não se aplica;Discordo totalmente;Concordo;Concordo;Concordo;Concordo;Concordo;Não concordo nem discordo;Não concordo nem discordo;Não concordo nem discordo;Concordo;Não sei / Não se aplica;Não sei / Não se aplica;Não sei / Não se aplica;Não sei / Não se aplica;Não sei / Não se aplica;Não sei / Não se aplica;Concordo;Não sei / Não se aplica;Não sei / Não se aplica;Não sei / Não se aplica;Não sei / Não se aplica;Não sei / Não se aplica;Não sei / Não se aplica;Não sei / Não se aplica;Não sei / Não se aplica;Não sei / Não se aplica;Não sei / Não se aplica;Discordo totalmente;Discordo totalmente;Discordo totalmente;Concordo totalmente;Não concordo nem discordo;Não sei / Não se aplica;Não sei / Não se aplica;Não sei / Não se aplica;Não sei / Não se aplica;Discordo;Concordo;Discordo;Não sei / Não se aplica;Não sei / Não se aplica;Concordo totalmente;
Servidor(a) Docente.;UFJF - Campus Governador Valadares;Instituto de Ciências Sociais Aplicadas (ICSA) – Governador Valadares;Discordo;Concordo;Discordo;Discordo;Concordo;Concordo;Concordo totalmente;Concordo totalmente;Concordo;Concordo;Discordo;Concordo totalmente;Concordo;Concordo totalmente;Não concordo nem discordo;Concordo;Discordo totalmente;Concordo;Concordo totalmente;Concordo;Discordo;Concordo;Discordo totalmente;Discordo totalmente;Não concordo nem discordo;Discordo;Discordo;Concordo;Concordo;Concordo;Concordo;Discordo;Concordo totalmente;Concordo totalmente;Discordo;Não concordo nem discordo;Discordo;Discordo;Discordo totalmente;Concordo;Discordo totalmente;Discordo totalmente;Discordo totalmente;Concordo;Discordo;Concordo;Discordo totalmente;"Dentre todas as Pro-reitorias com as quais os docentes precisam ter contato mais direto, é necessário destacar o grande déficit de organização, suporte, planejamento e qualidade de atendimento da Propp, cenário em parte resultante de problemas estruturais e institucionais de longa data na UFJF, como a desorganização dessa pro-reitoria, marcada pela falta de cadastro das pesquisas desenvolvidas e em andamento; morosidade do processo de cadastro de projetos de pesquisa (meu projeto levou, literalmente, mais de 1 ano para ser cadastrado, sendo que não envolvia a necessidade de parecer de nenhum comitê específico);  a falta de dedicação, perfil e apoio institucional voltado para a produção científica (a UFJF tradicionalmente enfatiza a extensão, negligenciando fortemente as atividades de pesquisa (por exemplo, com a alta restrição de vagas de IC mesmo para voluntários, muito diferente do que ocorre com a PROEX em relação à extensão) , que acabam sendo bastante subsidiárias, dependendo em grande medida de esforços individuais dos docentes). 
O funcionamento da UFJF é marcado por intensa, difundida e persistente burocratização, servindo para sobrecarregar docentes. ex.: demanda de preenchimento de formulários SEI com informações pessoais e funcionais já constantes nos registros da UFJF; de declarações absurdas como as de cumprimento de regime de DE, sem qualquer função prática, lógica ou respaldo jurídico; e retrabalho entre setores."
Servidor(a) TAE  (Técnico-administrativo em Educação);UFJF - Campus Governador Valadares;Outra;Não concordo nem discordo;Concordo totalmente;Não sei / Não se aplica;Não concordo nem discordo;Não sei / Não se aplica;Concordo;Discordo;Discordo;Não concordo nem discordo;Concordo;Concordo;Concordo;Concordo;Concordo;Não concordo nem discordo;Não concordo nem discordo;Não concordo nem discordo;Não concordo nem discordo;Não concordo nem discordo;Não concordo nem discordo;Não concordo nem discordo;Não concordo nem discordo;Não concordo nem discordo;Não concordo nem discordo;Não concordo nem discordo;Não concordo nem discordo;Não concordo nem discordo;Não concordo nem discordo;Não concordo nem discordo;Não concordo nem discordo;Não concordo nem discordo;Concordo;Concordo;Concordo;Não concordo nem discordo;Não concordo nem discordo;Discordo;Não concordo nem discordo;Não concordo nem discordo;Não concordo nem discordo;Não concordo nem discordo;Discordo;Discordo;Não concordo nem discordo;Não concordo nem discordo;Não concordo nem discordo;Não concordo nem discordo;
Servidor(a) TAE  (Técnico-administrativo em Educação);UFJF - Campus Juiz de Fora;"Setor administrativo ligado à Administração Superior (Reitoria; Pró-Reitorias; Diretorias; Órgãos Suplementares)";Concordo;Concordo;Concordo;Concordo totalmente;Não sei / Não se aplica;Concordo totalmente;Concordo;Não concordo nem discordo;Concordo;Concordo totalmente;Concordo totalmente;Concordo;Concordo;Concordo;Concordo totalmente;Concordo totalmente;Concordo totalmente;Concordo;Concordo totalmente;Concordo;Concordo;Concordo totalmente;Concordo totalmente;Concordo;Concordo;Concordo;Concordo;Concordo;Concordo;Não concordo nem discordo;Não sei / Não se aplica;Não sei / Não se aplica;Concordo totalmente;Concordo totalmente;Concordo;Não sei / Não se aplica;Não concordo nem discordo;Concordo;Não concordo nem discordo;Concordo;Concordo;Discordo;Discordo;Não concordo nem discordo;Concordo;Concordo;Não concordo nem discordo;
Servidor(a) Docente.;UFJF - Campus Juiz de Fora;ICB – Instituto de Ciências Biológicas;Discordo;Discordo;Concordo totalmente;Concordo;Concordo;Concordo;Discordo totalmente;Discordo totalmente;Discordo;Discordo totalmente;Concordo;Discordo;Discordo;Concordo;Concordo;Discordo;Concordo;Concordo;Concordo;Não sei / Não se aplica;Concordo;Concordo;Concordo;Concordo;Não sei / Não se aplica;Não sei / Não se aplica;Não sei / Não se aplica;Discordo;Concordo;Concordo;Concordo;Não sei / Não se aplica;Concordo;Concordo;Discordo;Não sei / Não se aplica;Concordo totalmente;Concordo;Discordo totalmente;Discordo;Não sei / Não se aplica;Discordo;Discordo;Discordo;Discordo;Concordo;Discordo;
Servidor(a) Docente.;UFJF - Campus Juiz de Fora;Faculdade de Medicina;Discordo;Não concordo nem discordo;Não concordo nem discordo;Discordo totalmente;Discordo;Não concordo nem discordo;Discordo totalmente;Discordo totalmente;Discordo totalmente;Discordo totalmente;Discordo;Discordo;Discordo;Discordo;Concordo;Não concordo nem discordo;Discordo;Não concordo nem discordo;Concordo totalmente;Não concordo nem discordo;Concordo totalmente;Concordo;Não sei / Não se aplica;Não sei / Não se aplica;Não sei / Não se aplica;Não sei / Não se aplica;Não sei / Não se aplica;Concordo totalmente;Não sei / Não se aplica;Não sei / Não se aplica;Não sei / Não se aplica;Não sei / Não se aplica;Discordo totalmente;Discordo;Discordo;Discordo;Não concordo nem discordo;Discordo;Discordo;Concordo totalmente;Concordo totalmente;Discordo totalmente;Discordo totalmente;Discordo totalmente;Discordo totalmente;Discordo totalmente;Não sei / Não se aplica;
Servidor(a) TAE  (Técnico-administrativo em Educação);UFJF - Campus Juiz de Fora;ICB – Instituto de Ciências Biológicas;Não concordo nem discordo;Concordo;Não concordo nem discordo;Concordo;Não sei / Não se aplica;Discordo;Não concordo nem discordo;Discordo;Concordo;Discordo;Concordo;Discordo;Não concordo nem discordo;Concordo;Não concordo nem discordo;Discordo;Não concordo nem discordo;Concordo;Não concordo nem discordo;Concordo;Discordo totalmente;Concordo;Discordo totalmente;Discordo;Não concordo nem discordo;Não concordo nem discordo;Concordo;Discordo;Concordo;Não concordo nem discordo;Discordo;Não sei / Não se aplica;Concordo;Não sei / Não se aplica;Concordo;Não sei / Não se aplica;Discordo;Não concordo nem discordo;Não concordo nem discordo;Discordo;Discordo;Discordo totalmente;Discordo totalmente;Não concordo nem discordo;Não concordo nem discordo;Concordo;Não concordo nem discordo;
Servidor(a) TAE  (Técnico-administrativo em Educação);UFJF - Campus Juiz de Fora;"Setor administrativo ligado à Administração Superior (Reitoria; Pró-Reitorias; Diretorias; Órgãos Suplementares)";Concordo;Concordo;Concordo;Concordo;Não sei / Não se aplica;Concordo;Concordo;Concordo;Concordo;Concordo;Concordo totalmente;Concordo;Concordo;Concordo totalmente;Concordo;Concordo;Concordo;Concordo;Concordo;Concordo;Concordo;Concordo;Concordo;Concordo;Concordo;Concordo;Concordo;Concordo;Concordo;Concordo;Concordo;Concordo;Concordo;Não sei / Não se aplica;Não concordo nem discordo;Não sei / Não se aplica;Concordo;Concordo;Concordo;Concordo;Concordo;Discordo;Discordo;Concordo;Concordo;Concordo;Concordo totalmente;
Servidor(a) TAE  (Técnico-administrativo em Educação);UFJF - Campus Juiz de Fora;"Setor administrativo ligado à Administração Superior (Reitoria; Pró-Reitorias; Diretorias; Órgãos Suplementares)";Concordo;Concordo;Concordo;Não concordo nem discordo;Não sei / Não se aplica;Não concordo nem discordo;Discordo;Discordo;Não concordo nem discordo;Discordo;Não concordo nem discordo;Concordo;Discordo;Discordo;Não concordo nem discordo;Não concordo nem discordo;Não concordo nem discordo;Não concordo nem discordo;Não concordo nem discordo;Não concordo nem discordo;Não concordo nem discordo;Não concordo nem discordo;Não concordo nem discordo;Concordo;Não concordo nem discordo;Não concordo nem discordo;Não concordo nem discordo;Concordo;Não concordo nem discordo;Não concordo nem discordo;Não concordo nem discordo;Não concordo nem discordo;Não concordo nem discordo;Concordo;Não concordo nem discordo;Não concordo nem discordo;Discordo;Não sei / Não se aplica;Não sei / Não se aplica;Não sei / Não se aplica;Não sei / Não se aplica;Não sei / Não se aplica;Não sei / Não se aplica;Não sei / Não se aplica;Não sei / Não se aplica;Não sei / Não se aplica;Discordo;"Observei que a pesquisa é oportuna e necessária; no entanto, poderia ter aprofundado mais nas necessidades específicas de cada setor, em vez de se limitar apenas às demandas gerais da UFJF, que possui uma estrutura e dimensões muito mais amplas. No entanto, esta pesquisa já é um bom princípio! Parabéns!"
Servidor(a) Docente.;UFJF - Campus Juiz de Fora;Faculdade de Odontologia;Concordo;Concordo;Concordo;Concordo;Concordo;Concordo;Não sei / Não se aplica;Concordo;Concordo;Concordo;Concordo totalmente;Concordo;Concordo;Concordo;Concordo totalmente;Não sei / Não se aplica;Concordo;Concordo;Concordo;Não sei / Não se aplica;Concordo;Concordo;Concordo;Concordo;Concordo;Não sei / Não se aplica;Concordo;Concordo;Concordo;Concordo;Não sei / Não se aplica;Não sei / Não se aplica;Concordo totalmente;Concordo;Concordo;Concordo totalmente;Discordo;Concordo;Concordo;Concordo;Concordo;Concordo;Concordo;Concordo;Concordo;Concordo;Concordo;
Servidor(a) TAE  (Técnico-administrativo em Educação);UFJF - Campus Juiz de Fora;ICE – Instituto de Ciências Exatas;Concordo;Concordo;Concordo;Não sei / Não se aplica;Não sei / Não se aplica;Não sei / Não se aplica;Não sei / Não se aplica;Não sei / Não se aplica;Não concordo nem discordo;Concordo totalmente;Não concordo nem discordo;Concordo;Concordo;Concordo;Não sei / Não se aplica;Não sei / Não se aplica;Concordo;Não sei / Não se aplica;Não sei / Não se aplica;Não sei / Não se aplica;Não concordo nem discordo;Concordo;Não sei / Não se aplica;Não sei / Não se aplica;Não sei / Não se aplica;Não sei / Não se aplica;Concordo;Não sei / Não se aplica;Concordo;Concordo;Não sei / Não se aplica;Não sei / Não se aplica;Concordo;Concordo;Concordo totalmente;Concordo totalmente;Não concordo nem discordo;Concordo;Concordo;Não sei / Não se aplica;Não sei / Não se aplica;Não concordo nem discordo;Não concordo nem discordo;Discordo;Não sei / Não se aplica;Não sei / Não se aplica;Não concordo nem discordo;
Servidor(a) Docente.;UFJF - Campus Juiz de Fora;Faculdade de Letras;Não sei / Não se aplica;Não sei / Não se aplica;Concordo;Não sei / Não se aplica;Concordo totalmente;Discordo totalmente;Não sei / Não se aplica;Não sei / Não se aplica;Concordo;Concordo totalmente;Concordo totalmente;Discordo;Discordo;Discordo;Discordo;Discordo;Discordo;Discordo;Discordo;Discordo;Discordo;Discordo;Discordo;Discordo;Discordo;Discordo;Discordo;Discordo;Discordo;Discordo;Discordo;Não sei / Não se aplica;Concordo totalmente;Concordo;Discordo;Não sei / Não se aplica;Discordo;Discordo;Discordo;Discordo;Discordo;Discordo;Discordo totalmente;Discordo;Discordo;Discordo;Discordo;
Servidor(a) TAE  (Técnico-administrativo em Educação);UFJF - Campus Juiz de Fora;ICB – Instituto de Ciências Biológicas;Concordo;Concordo totalmente;Não concordo nem discordo;Concordo;Não concordo nem discordo;Discordo;Concordo;Concordo;Concordo;Concordo totalmente;Discordo;Concordo totalmente;Concordo;Concordo totalmente;Concordo;Não concordo nem discordo;Não sei / Não se aplica;Não sei / Não se aplica;Não sei / Não se aplica;Não sei / Não se aplica;Concordo;Concordo;Concordo;Concordo;Concordo;Concordo;Concordo;Concordo;Concordo;Concordo;Concordo;Não sei / Não se aplica;Concordo totalmente;Concordo totalmente;Concordo;Concordo;Concordo totalmente;Concordo;Não sei / Não se aplica;Não sei / Não se aplica;Concordo;Concordo;Discordo;Concordo;Não sei / Não se aplica;Não sei / Não se aplica;Concordo;
Servidor(a) Docente.;UFJF - Campus Governador Valadares;Instituto de Ciências da Vida (ICV) – Governador Valadares;Não concordo nem discordo;Não concordo nem discordo;Concordo totalmente;Não concordo nem discordo;Concordo;Não concordo nem discordo;Discordo;Discordo;Discordo;Discordo totalmente;Discordo;Concordo;Concordo;Concordo;Concordo;Concordo;Concordo;Concordo;Concordo;Concordo;Concordo;Concordo;Concordo;Concordo;Concordo;Concordo;Concordo;Concordo;Concordo;Concordo;Concordo;Concordo;Concordo;Concordo;Concordo;Concordo;Concordo;Não concordo nem discordo;Não concordo nem discordo;Não concordo nem discordo;Não concordo nem discordo;Não concordo nem discordo;Não concordo nem discordo;Não concordo nem discordo;Não concordo nem discordo;Não concordo nem discordo;Concordo;As respostas muitas vezes envolvem dificuldades enfrentadas com a falta de infraestrutura para o trabalho, e, portanto, não são direcionadas a instituição UFJF que é uma grande Universidade.
Servidor(a) TAE  (Técnico-administrativo em Educação);UFJF - Campus Juiz de Fora;Faculdade de Comunicação Social;Concordo;Concordo;Não concordo nem discordo;Não concordo nem discordo;Concordo;Concordo;Não concordo nem discordo;Não concordo nem discordo;Concordo;Concordo;Concordo;Concordo;Concordo;Concordo;Concordo;Concordo;Concordo;Concordo;Concordo;Concordo;Concordo;Concordo;Concordo;Concordo;Concordo;Concordo;Concordo;Concordo;Concordo;Concordo;Concordo;Concordo;Concordo;Concordo;Concordo;Concordo;Não concordo nem discordo;Concordo;Concordo;Concordo;Concordo;Concordo;Concordo;Concordo;Concordo;Concordo;Concordo;
Servidor(a) TAE  (Técnico-administrativo em Educação);UFJF - Campus Juiz de Fora;Faculdade de Farmácia;Discordo;Discordo;Discordo;Concordo;Não concordo nem discordo;Concordo;Concordo;Não concordo nem discordo;Discordo;Concordo;Discordo;Não concordo nem discordo;Não concordo nem discordo;Não concordo nem discordo;Concordo;Concordo;Concordo;Concordo;Concordo;Concordo;Concordo;Concordo;Concordo;Concordo;Concordo;Concordo;Concordo;Concordo;Concordo;Concordo;Concordo;Concordo;Concordo;Concordo;Concordo;Concordo;Discordo;Concordo;Discordo;Discordo;Não concordo nem discordo;Discordo;Discordo;Discordo totalmente;Não concordo nem discordo;Não concordo nem discordo;Discordo;
Servidor(a) Docente.;UFJF - Campus Juiz de Fora;Faculdade de Economia;Não sei / Não se aplica;Não sei / Não se aplica;Não sei / Não se aplica;Discordo;Concordo totalmente;Não concordo nem discordo;Não concordo nem discordo;Não sei / Não se aplica;Não concordo nem discordo;Discordo;Concordo totalmente;Discordo;Discordo;Não concordo nem discordo;Concordo;Não concordo nem discordo;Concordo;Não concordo nem discordo;Não concordo nem discordo;Não concordo nem discordo;Não concordo nem discordo;Concordo;Não concordo nem discordo;Não concordo nem discordo;Não concordo nem discordo;Não concordo nem discordo;Não concordo nem discordo;Não concordo nem discordo;Não concordo nem discordo;Concordo;Não concordo nem discordo;Não concordo nem discordo;Concordo;Concordo;Não concordo nem discordo;Não concordo nem discordo;Discordo totalmente;Concordo;Concordo;Não concordo nem discordo;Não concordo nem discordo;Discordo;Discordo;Discordo;Não concordo nem discordo;Não concordo nem discordo;Não concordo nem discordo;
Servidor(a) TAE  (Técnico-administrativo em Educação);UFJF - Campus Juiz de Fora;"Setor administrativo ligado à Administração Superior (Reitoria; Pró-Reitorias; Diretorias; Órgãos Suplementares)";Discordo;Concordo;Concordo;Não sei / Não se aplica;Não sei / Não se aplica;Concordo;Não sei / Não se aplica;Não sei / Não se aplica;Concordo;Concordo;Concordo;Discordo totalmente;Discordo totalmente;Não sei / Não se aplica;Não sei / Não se aplica;Não sei / Não se aplica;Não sei / Não se aplica;Não sei / Não se aplica;Não sei / Não se aplica;Concordo totalmente;Não sei / Não se aplica;Discordo;Não sei / Não se aplica;Não sei / Não se aplica;Não sei / Não se aplica;Não concordo nem discordo;Não sei / Não se aplica;Não sei / Não se aplica;Não sei / Não se aplica;Não sei / Não se aplica;Não sei / Não se aplica;Não sei / Não se aplica;Discordo;Não concordo nem discordo;Não concordo nem discordo;Discordo;Discordo;Não sei / Não se aplica;Não sei / Não se aplica;Não sei / Não se aplica;Não sei / Não se aplica;Discordo;Discordo totalmente;Não concordo nem discordo;Não sei / Não se aplica;Discordo;Não sei / Não se aplica;
Servidor(a) TAE  (Técnico-administrativo em Educação);UFJF - Campus Juiz de Fora;"Setor administrativo ligado à Administração Superior (Reitoria; Pró-Reitorias; Diretorias; Órgãos Suplementares)";Discordo;Concordo;Não sei / Não se aplica;Não sei / Não se aplica;Não sei / Não se aplica;Não sei / Não se aplica;Concordo;Não concordo nem discordo;Discordo;Concordo;Concordo;Concordo;Não concordo nem discordo;Discordo;Não concordo nem discordo;Não concordo nem discordo;Não concordo nem discordo;Não concordo nem discordo;Não concordo nem discordo;Não concordo nem discordo;Não concordo nem discordo;Não concordo nem discordo;Não concordo nem discordo;Não concordo nem discordo;Não concordo nem discordo;Concordo;Não concordo nem discordo;Não concordo nem discordo;Não concordo nem discordo;Não concordo nem discordo;Não concordo nem discordo;Não concordo nem discordo;Não concordo nem discordo;Não concordo nem discordo;Não concordo nem discordo;Não sei / Não se aplica;Discordo;Não concordo nem discordo;Não concordo nem discordo;Não concordo nem discordo;Não concordo nem discordo;Não concordo nem discordo;Não concordo nem discordo;Discordo;Não concordo nem discordo;Não concordo nem discordo;Não concordo nem discordo;
Servidor(a) TAE  (Técnico-administrativo em Educação);UFJF - Campus Juiz de Fora;Faculdade de Farmácia;Concordo;Discordo;Discordo;Discordo;Discordo totalmente;Concordo;Discordo;Discordo totalmente;Discordo;Discordo totalmente;Discordo totalmente;Discordo;Discordo;Discordo;Discordo;Discordo;Discordo;Discordo;Discordo;Discordo;Discordo;Discordo;Discordo;Discordo;Discordo;Discordo;Discordo;Discordo;Discordo;Discordo;Discordo;Não sei / Não se aplica;Discordo;Discordo;Discordo;Discordo;Discordo totalmente;Discordo totalmente;Discordo totalmente;Discordo totalmente;Discordo totalmente;Discordo totalmente;Discordo totalmente;Discordo totalmente;Discordo totalmente;Discordo totalmente;Discordo totalmente;"É necessária uma grande reforma e modernização nos estatutos da UFJF. 
A universidade privilegia os docentes e limita os TAEs. Muitos docentes se acham superiores aos TAEs. O assedio moral ocorre de forma velada e todos fingem ignorar que não ocorre."
